{
  "version": 1,
  "width": 208,
  "height": 46,
  "duration": 60.26743,
  "command": null,
  "title": null,
  "env": {
    "TERM": "xterm-256color",
    "SHELL": "/bin/zsh"
  },
  "stdout": [
    [
      0.458038,
      "\u001b[1m\u001b[7m%\u001b[27m\u001b[1m\u001b[0m                                                                                                                                                                                                               \r \r"
    ],
    [
      0.064023,
      "\u001b]2;ncrash@Daekwonui-MacBook-Pro: ~/Development/vagrant/demo\u0007\u001b]1;../vagrant/demo\u0007"
    ],
    [
      0.013136,
      "\r\u001b[0m\u001b[27m\u001b[24m\u001b[J\u001b[39m\u001b[0m\u001b[49m\u001b[44m\u001b[30m ~/Development/vagrant/demo \u001b[49m\u001b[34m\u001b[39m \u001b[K"
    ],
    [
      2.6e-05,
      "\u001b[?1h\u001b=\u001b[?2004h"
    ],
    [
      1.566177,
      "v"
    ],
    [
      0.118141,
      "\bva"
    ],
    [
      0.103844,
      "g"
    ],
    [
      0.163939,
      "r"
    ],
    [
      0.132127,
      "a"
    ],
    [
      0.120737,
      "n"
    ],
    [
      0.105094,
      "t"
    ],
    [
      0.084563,
      " "
    ],
    [
      0.152656,
      "i"
    ],
    [
      0.068291,
      "n"
    ],
    [
      0.123754,
      "i"
    ],
    [
      0.154111,
      "t"
    ],
    [
      0.146009,
      " "
    ],
    [
      3.126223,
      "\u001b[7mubuntu/trusty64\u001b[27m"
    ],
    [
      0.425769,
      "\u001b[15D\u001b[27mu\u001b[27mb\u001b[27mu\u001b[27mn\u001b[27mt\u001b[27mu\u001b[27m/\u001b[27mt\u001b[27mr\u001b[27mu\u001b[27ms\u001b[27mt\u001b[27my\u001b[27m6\u001b[27m4\u001b[?1l\u001b>"
    ],
    [
      2.8e-05,
      "\u001b[?2004l\r\r\n"
    ],
    [
      0.000731,
      "\u001b]2;vagrant init ubuntu/trusty64\u0007\u001b]1;vagrant\u0007"
    ],
    [
      0.745274,
      "\u001b[0mA `Vagrantfile` has been placed in this directory. You are now\r\nready to `vagrant up` your first virtual environment! Please read\r\nthe comments in the Vagrantfile as well as documentation on\r\n`vagrantup.com` for more information on using Vagrant.\u001b[0m\r\n"
    ],
    [
      0.096963,
      "\u001b[1m\u001b[7m%\u001b[27m\u001b[1m\u001b[0m                                                                                                                                                                                                               \r \r"
    ],
    [
      0.072637,
      "\u001b]2;ncrash@Daekwonui-MacBook-Pro: ~/Development/vagrant/demo\u0007\u001b]1;../vagrant/demo\u0007"
    ],
    [
      0.011806,
      "\r\u001b[0m\u001b[27m\u001b[24m\u001b[J\u001b[39m\u001b[0m\u001b[49m\u001b[44m\u001b[30m ~/Development/vagrant/demo \u001b[49m\u001b[34m\u001b[39m \u001b[K"
    ],
    [
      2.1e-05,
      "\u001b[?1h\u001b=\u001b[?2004h"
    ],
    [
      0.803888,
      "v"
    ],
    [
      0.126667,
      "\bva"
    ],
    [
      0.104387,
      "g"
    ],
    [
      0.212526,
      "rant\u001b[1m \u001b[0m"
    ],
    [
      0.831973,
      "\b\u001b[0m u"
    ],
    [
      0.11888,
      "p"
    ],
    [
      0.555498,
      "\u001b[?1l\u001b>\u001b[?2004l\r\r\n"
    ],
    [
      0.000451,
      "\u001b]2;vagrant up\u0007\u001b]1;vagrant\u0007"
    ],
    [
      1.639145,
      "\u001b[0mBringing machine 'default' up with 'virtualbox' provider...\u001b[0m\r\n"
    ],
    [
      0.174031,
      "\u001b[1m==> default: Importing base box 'ubuntu/trusty64'...\u001b[0m\r\n"
    ],
    [
      7.849117,
      "\u001b[0m\r\u001b[K\u001b[0m"
    ],
    [
      0.000225,
      "\u001b[0mProgress: 90%\u001b[0m"
    ],
    [
      0.193955,
      "\u001b[0m\r\u001b[K\u001b[0m"
    ],
    [
      0.068939,
      "\u001b[1m==> default: Matching MAC address for NAT networking...\u001b[0m\r\n"
    ],
    [
      0.150172,
      "\u001b[1m==> default: Checking if box 'ubuntu/trusty64' is up to date...\u001b[0m\r\n"
    ],
    [
      3.034008,
      "\u001b[1m==> default: Setting the name of the VM: demo_default_1499828072460_87250\u001b[0m\r\n"
    ],
    [
      0.140111,
      "\u001b[1m==> default: Clearing any previously set forwarded ports...\u001b[0m\r\n"
    ],
    [
      0.608436,
      "\u001b[1m==> default: Clearing any previously set network interfaces...\u001b[0m\r\n"
    ],
    [
      0.052692,
      "\u001b[1m==> default: Preparing network interfaces based on configuration...\u001b[0m\r\n"
    ],
    [
      0.000602,
      "\u001b[0m    default: Adapter 1: nat\u001b[0m\r\n"
    ],
    [
      0.069469,
      "\u001b[1m==> default: Forwarding ports...\u001b[0m\r\n"
    ],
    [
      0.110893,
      "\u001b[0m    default: 22 (guest) => 2222 (host) (adapter 1)\u001b[0m\r\n"
    ],
    [
      0.182797,
      "\u001b[1m==> default: Booting VM...\u001b[0m\r\n"
    ],
    [
      0.304847,
      "\u001b[1m==> default: Waiting for machine to boot. This may take a few minutes...\u001b[0m"
    ],
    [
      0.00012,
      "\r\n"
    ],
    [
      0.232783,
      "\u001b[0m    default: SSH address: 127.0.0.1:2222\u001b[0m\r\n"
    ],
    [
      0.000139,
      "\u001b[0m    default: SSH username: vagrant\u001b[0m\r\n"
    ],
    [
      0.0002,
      "\u001b[0m    default: SSH auth method: private key\u001b[0m\r\n"
    ],
    [
      17.587551,
      "\u001b[0m    default: \r\n    default: Vagrant insecure key detected. Vagrant will automatically replace\r\n    default: this with a newly generated keypair for better security.\u001b[0m\r\n"
    ],
    [
      0.364008,
      "\u001b[0m    default: \r\n    default: Inserting generated public key within guest...\u001b[0m\r\n"
    ],
    [
      0.052584,
      "\u001b[0m    default: Removing insecure key from the guest if it's present...\u001b[0m\r\n"
    ],
    [
      0.074512,
      "\u001b[0m    default: Key inserted! Disconnecting and reconnecting using new SSH key...\u001b[0m\r\n"
    ],
    [
      0.733543,
      "\u001b[1m==> default: Machine booted and ready!\u001b[0m\r\n"
    ],
    [
      0.000512,
      "\u001b[1m==> default: Checking for guest additions in VM...\u001b[0m\r\n"
    ],
    [
      0.042311,
      "\u001b[0m    default: The guest additions on this VM do not match the installed version of\r\n    default: VirtualBox! In most cases this is fine, but in rare cases it can\r\n    default: prevent things such as shared folders from working properly. If you see\r\n    default: shared folder errors, please make sure the guest additions within the\r\n    default: virtual machine match the version of VirtualBox you have installed on\r\n    default: your host and reload your VM.\r\n    default: \r\n    default: Guest Additions Version: 4.3.36\r\n    default: VirtualBox Version: 5.1\u001b[0m\r\n"
    ],
    [
      0.142693,
      "\u001b[1m==> default: Mounting shared folders...\u001b[0m\r\n"
    ],
    [
      0.000358,
      "\u001b[0m    default: /vagrant => /Users/ncrash/Development/vagrant/demo\u001b[0m\r\n"
    ],
    [
      0.291337,
      "\u001b[1m\u001b[7m%\u001b[27m\u001b[1m\u001b[0m                                                                                                                                                                                                               \r \r"
    ],
    [
      0.072299,
      "\u001b]2;ncrash@Daekwonui-MacBook-Pro: ~/Development/vagrant/demo\u0007\u001b]1;../vagrant/demo\u0007"
    ],
    [
      0.009657,
      "\r\u001b[0m\u001b[27m\u001b[24m\u001b[J\u001b[39m\u001b[0m\u001b[49m\u001b[44m\u001b[30m ~/Development/vagrant/demo \u001b[49m\u001b[34m\u001b[39m \u001b[K"
    ],
    [
      2.1e-05,
      "\u001b[?1h\u001b=\u001b[?2004h"
    ],
    [
      1.240241,
      "c"
    ],
    [
      0.1633,
      "\bcd"
    ],
    [
      0.128712,
      " "
    ],
    [
      0.410195,
      "\b"
    ],
    [
      0.118999,
      "\b\bc \b"
    ],
    [
      0.246059,
      "\b \b"
    ],
    [
      0.4992,
      "v"
    ],
    [
